1,"Comprehensive coverage for trip cancellation, medical emergencies, and lost baggage."
2,Enhanced benefits with higher coverage limits for trip interruption and emergency medical expenses.
3,"Coverage for trip cancellation, medical emergencies, and baggage delay."
4,"Higher limits for trip interruption, emergency medical expenses, and lost luggage."
5,"Coverage for the entire family, including children, with discounted rates."
6,"Specialized coverage for business travelers, including trip cancellation and emergency medical expenses."
7,"Ideal for adventurous travelers with coverage for extreme sports and activities, trip cancellation, and medical emergencies."
8,"Comprehensive coverage for the whole family, including children, with additional benefits like trip interruption, emergency medical expenses, and baggage protection."
9,"Year-round coverage for unlimited trips, including benefits such as trip cancellation, medical emergencies, and lost luggage."
10,"Designed specifically for senior travelers with coverage for trip cancellation, medical emergencies, and pre-existing conditions."
11,"Coverage for groups of travelers, including benefits like trip cancellation, emergency medical expenses, and baggage protection."
12,"Tailored for student travelers with coverage for trip cancellation, medical emergencies, and study interruption."
13,"Comprehensive coverage for trip cancellation, medical emergencies, and lost baggage."
14,"Enhanced benefits with higher coverage limits for trip interruption, emergency medical expenses, and baggage protection."
15,"Deluxe coverage with additional benefits like trip delay, missed connection coverage, and rental car protection."
16,"Essential benefits such as trip cancellation, medical emergencies, and baggage delay."
17,"Extensive protection for trip cancellation, emergency medical expenses, and lost luggage."
18,"Comprehensive coverage for trip cancellation, medical emergencies, and lost baggage."
19,"Enhanced benefits with higher coverage limits for trip interruption, emergency medical expenses, and baggage protection."
20,"Designed for business travelers with specialized coverage for trip cancellation, emergency medical expenses, and rental car protection."
21,"Coverage for adventure sports and activities, including benefits such as trip cancellation, medical emergencies, and equipment protection."
22,"Basic coverage for trip cancellation, medical emergencies, and lost baggage."
23,"Comprehensive coverage with higher limits for trip interruption, emergency medical expenses, and baggage protection."
24,"Year-round coverage for unlimited trips, including benefits like trip cancellation, medical emergencies, and lost luggage."
25,"Coverage for trip cancellation, medical emergencies, and lost baggage."
26,"Higher limits for trip interruption, emergency medical expenses, and baggage protection."
27,"Comprehensive coverage for trip cancellation, medical emergencies, and lost baggage."
28,"Enhanced benefits with higher coverage limits for trip interruption, emergency medical expenses, and baggage protection."
29,"Additional benefits such as trip delay, missed connection coverage, and emergency medical evacuation."
30,"Comprehensive coverage with higher limits for trip cancellation, emergency medical expenses, and lost luggage."
31,"Designed specifically for senior travelers with coverage for trip cancellation, medical emergencies, and pre-existing conditions."
32,"Coverage for trip cancellation, medical emergencies, and lost baggage."
33,"Higher limits for trip interruption, emergency medical expenses, and baggage protection."
34,"Coverage for groups of travelers, including benefits like trip cancellation, emergency medical expenses, and baggage protection."
35,"Comprehensive coverage for trip cancellation, medical emergencies, and lost baggage."
36,"Enhanced benefits with higher coverage limits for trip interruption, emergency medical expenses, and baggage protection."
37,"Essential coverage for trip cancellation, medical emergencies, and lost baggage."
38,"Comprehensive protection with higher coverage limits for trip interruption, emergency medical expenses, and lost luggage."
39,"Coverage for the whole family, including children, with benefits like trip cancellation, emergency medical expenses, and baggage protection."
40,"Specialized coverage for business travelers, including trip cancellation, emergency medical expenses, and rental car protection."
41,"Coverage for adventure sports and activities, including benefits such as trip cancellation, medical emergencies, and equipment protection."
42,"Essential coverage for trip cancellation, medical emergencies, and lost baggage."
43,"Enhanced benefits with higher coverage limits for trip interruption, emergency medical expenses, and baggage protection."
44,"Comprehensive coverage for trip cancellation, medical emergencies, and lost baggage."
45,"Enhanced benefits with higher coverage limits for trip interruption, emergency medical expenses, and baggage protection."
46,"Coverage for the whole family, including children, with benefits like trip cancellation, emergency medical expenses, and baggage protection."
47,"Coverage for trip cancellation, medical emergencies, and lost baggage."
48,"Higher limits for trip interruption, emergency medical expenses, and baggage protection."
49,"Coverage for adventure sports and activities, including benefits such as trip cancellation, medical emergencies, and equipment protection."
