1,960,4,"The hotel had a beautiful pool area, perfect for relaxing in the sun.",1979-05-15
2,1251,2,The rooms were outdated and in need of renovation.,2000-03-18
3,1822,3,"Decent hotel for the price, but the breakfast options were limited.",1979-02-26
4,2888,5,Absolutely loved our stay - the room was spacious and luxurious.,1977-10-22
5,2442,1,Terrible experience - the hotel was infested with bugs.,1987-05-11
6,2465,4,Friendly staff and comfortable beds made for a pleasant stay.,2004-01-27
7,375,3,"The location was convenient, but the hotel lacked charm.",1999-12-12
8,994,5,Impeccable service and breathtaking views from the balcony.,1970-11-26
9,1184,2,"The hotel was understaffed, resulting in slow service.",1983-10-09
10,1353,3,Average hotel with nothing extraordinary to offer.,1987-10-25
11,1916,4,Clean and well-maintained hotel with a helpful front desk staff.,1986-02-22
12,217,1,Stay away from this hotel - the rooms were dirty and unkempt.,1983-07-07
13,289,5,Exquisite decor and attention to detail made us feel pampered.,1986-01-01
14,106,2,Disappointing stay - the amenities advertised were not available.,1974-04-23
15,2497,3,The hotel was conveniently located near popular attractions.,2000-04-19
16,1605,4,Great value for money - spacious rooms and a complimentary breakfast.,2003-06-02
17,828,1,"The hotel was overbooked, and our reservation was mishandled.",1999-08-16
18,717,5,The hotel exceeded our expectations in every aspect.,2018-02-02
19,973,2,Uncomfortable beds and noisy surroundings made it hard to sleep.,1981-02-17
20,157,4,Attentive staff and a delicious on-site restaurant made our stay enjoyable.,1973-11-23
21,2095,3,The hotel had a decent gym but lacked other recreational facilities.,2011-07-20
22,2807,5,Charming boutique hotel with an inviting atmosphere.,2003-04-16
23,318,1,Worst hotel experience ever - rude staff and broken amenities.,1993-12-12
24,2157,4,The hotels location provided stunning views of the city skyline.,1983-11-21
25,643,2,"The room had a strange odor, and the air conditioning was faulty.",2002-09-16
26,1489,3,Average hotel with comfortable beds but outdated furnishings.,1970-01-12
27,2885,5,An oasis of tranquility in the heart of the bustling city.,2005-05-18
28,334,1,Dirty and unkempt rooms - a truly disappointing stay.,2005-03-08
29,1574,4,"The hotel had a lovely garden area, perfect for afternoon tea.",2017-11-08
30,1596,2,We encountered multiple plumbing issues during our stay.,2020-09-11
31,1411,3,"The hotel had a decent spa, but the treatments were overpriced.",1983-09-06
32,1200,5,Outstanding service from the moment we arrived.,2000-07-19
33,2855,1,Avoid this hotel at all costs - it was a complete disaster.,2015-09-16
34,303,4,Spacious rooms with comfortable beds and modern amenities.,1997-12-02
35,2550,2,"The hotel was located in a noisy neighborhood, making it hard to sleep.",2017-10-01
36,1663,3,"The hotel staff were friendly, but the check-in process was slow.",1970-02-17
37,1574,5,We were treated like royalty throughout our entire stay.,1998-09-18
38,2609,1,Filthy bathrooms and unhelpful staff - a nightmare experience.,2021-02-09
39,1991,4,The hotel had a great rooftop bar with stunning views.,1974-06-29
40,1081,2,The Wi-Fi connection was unreliable and frustrating to use.,2006-04-13
41,2634,3,"Reasonable hotel for a short stay, but lacking in charm.",2011-10-07
42,1832,5,"Every detail was thoughtfully taken care of, ensuring a luxurious experience.",1984-06-04
43,2285,1,The hotel was located in a dangerous neighborhood - not recommended.,1971-04-04
44,1567,4,Attentive and polite staff who made us feel welcome.,1990-02-12
45,1538,2,The hotels decor was outdated and in need of modernization.,1994-05-10
46,985,3,"The hotel offered a complimentary shuttle service, which was convenient.",1977-07-09
47,1451,5,A hidden gem with exceptional service and breathtaking views.,1975-04-28
48,2562,1,The hotel was infested with pests - an absolute nightmare.,2022-11-29
49,2516,4,The hotel had a fantastic pool area with plenty of loungers.,2007-12-24
50,1453,2,Unfriendly and unhelpful staff made our stay unpleasant.,2018-06-15
51,944,3,"The hotel had a decent breakfast buffet, but limited vegetarian options.",1995-11-01
52,1494,5,We felt like VIPs from the moment we stepped foot in the hotel.,1973-07-25
53,264,1,The rooms were tiny and cramped - not suitable for families.,2004-07-10
54,2693,4,The hotels location was perfect for exploring the city.,1971-06-12
55,2266,2,"The hotels noise insulation was poor, resulting in disturbed sleep.",1994-11-13
56,2315,3,"The hotel had a small fitness center, but it lacked equipment.",1992-06-17
57,1504,5,An unforgettable stay at a truly exceptional hotel.,1989-08-22
58,2877,1,We encountered multiple maintenance issues during our stay.,1973-01-31
59,2000,4,"The hotel had a cozy lounge area, perfect for relaxing with a book.",2009-10-01
60,598,2,"The hotels walls were thin, and we could hear our neighbors.",1993-09-16
61,330,3,"The hotel had a helpful concierge service, assisting with our sightseeing plans.",2006-10-14
62,2023,5,Immaculate rooms and top-notch amenities - a luxurious experience.,1978-03-16
63,1598,1,The hotel overcharged us and refused to resolve the issue.,2019-01-28
64,373,4,"The hotel had a beautiful courtyard, ideal for enjoying a cup of coffee.",1997-12-28
65,47,2,The cleanliness of the hotel left much to be desired.,1998-09-05
66,2038,3,"The hotel provided a shuttle service, but the schedule was limited.",1986-05-11
67,869,5,We were blown away by the hotels stunning architecture.,1978-08-16
68,600,1,The hotel had a terrible odor throughout the building.,1998-02-23
69,771,4,The hotels restaurant served delicious cuisine with attentive service.,1999-11-29
70,2098,2,The hotels website was misleading - it did not match the actual experience.,1980-04-07
71,25,3,"The hotel had a small business center, but the equipment was outdated.",2012-01-31
72,2504,5,A perfect getaway destination with impeccable service.,1973-06-26
73,46,1,"The hotel was located in a noisy area, making it hard to sleep.",1984-01-15
74,1771,4,The hotels staff went above and beyond to ensure our comfort.,2000-03-27
75,2609,2,The hotels pool was dirty and uninviting.,2011-03-24
76,999,3,Reasonably priced hotel with basic amenities.,2009-03-05
77,1056,5,Exquisite design and attention to detail in every aspect.,1996-06-25
78,2372,1,We encountered rude and unprofessional staff throughout our stay.,1987-08-20
79,790,4,The hotel had a convenient location near public transportation.,2018-12-05
80,132,2,"The hotels air conditioning was inadequate, leaving the room hot and stuffy.",1999-01-16
81,2487,3,"The hotel had a decent bar, but the drink prices were high.",1988-02-26
82,1994,5,We were treated like family by the warm and welcoming staff.,1972-01-24
83,2779,1,The hotels Wi-Fi was slow and unreliable.,2002-10-07
84,1636,4,The hotel offered a variety of recreational activities for guests.,1983-12-02
85,2104,2,"The hotels walls were poorly soundproofed, resulting in disturbed sleep.",1995-10-09
86,2172,3,"The hotel had a helpful front desk staff, providing local recommendations.",2002-10-14
87,2805,5,A luxurious retreat with impeccable service and stunning views.,1982-06-29
88,2433,1,The hotels parking situation was chaotic and inconvenient.,2000-11-08
89,110,4,"The hotel had a beautiful garden, perfect for a leisurely stroll.",1985-11-08
90,2777,2,The cleanliness of the hotels common areas was lacking.,1973-01-09
91,2887,3,The hotel had a basic continental breakfast with limited options.,1995-12-19
92,744,5,We were delighted by the hotels attention to detail and personalized service.,1977-10-18
93,1118,1,The hotels rooms were outdated and in need of refurbishment.,2008-03-07
94,1516,4,The hotel had a fantastic rooftop pool with panoramic city views.,2001-01-24
95,2437,2,The hotels staff were unresponsive and unhelpful.,1971-08-07
96,2839,3,"The hotel had a small gift shop, but the prices were exorbitant.",2019-04-04
97,2177,5,A perfect blend of luxury and comfort in a stunning setting.,1985-04-26
98,967,1,"The hotel had poor security measures, making us feel unsafe.",2022-08-07
99,424,4,The hotel provided a complimentary breakfast buffet with a variety of options.,1978-04-10
100,683,2,The hotels housekeeping service was inconsistent and unreliable.,2014-05-18
101,1640,4,Attentive staff and comfortable beds made our stay enjoyable.,1980-01-18
102,1389,2,"The hotel lacked proper maintenance, with broken fixtures and peeling paint.",1973-09-25
103,2397,3,"The hotel offered a decent fitness center, but it could use some upgrades.",1981-07-26
104,1825,5,A truly exceptional hotel with top-notch service and luxurious amenities.,1971-05-14
105,414,1,Our room was infested with bedbugs - a nightmarish experience.,1981-08-13
106,38,4,"The hotels location was ideal, within walking distance of popular attractions.",2022-11-28
107,2927,2,Unfriendly front desk staff made our check-in process unpleasant.,1997-03-31
108,408,3,"The hotel had a small pool, but it was overcrowded during our stay.",1995-03-14
109,2471,5,"Impeccable attention to detail and a warm, welcoming atmosphere.",1972-02-25
110,520,1,"The hotels walls were thin, and we could hear every noise from adjacent rooms.",1970-05-04
111,1754,4,"The hotel had a cozy fireplace in the lobby, perfect for chilly evenings.",1997-05-26
112,1734,2,The hotels breakfast options were limited and uninspiring.,1978-05-16
113,997,3,Reasonably priced hotel with clean rooms and basic amenities.,2003-02-08
114,1573,5,An unforgettable experience at a truly remarkable hotel.,2003-04-13
115,1945,1,The hotels restaurant had poor hygiene standards - we got food poisoning.,1975-06-25
116,25,4,Friendly and helpful staff who went above and beyond.,2010-04-06
117,665,2,"The hotels elevator was constantly out of order, causing inconvenience.",1999-06-14
118,506,3,"The hotel provided a complimentary shuttle, but it had limited operating hours.",1999-07-18
119,386,5,Luxurious accommodations and impeccable service throughout our stay.,2021-05-19
120,2178,1,"The hotels air conditioning was ineffective, leaving the room uncomfortably hot.",1995-09-11
121,2053,4,The hotel had stunning views of the ocean from our balcony.,1992-08-22
122,195,2,"The hotels cleanliness was subpar, with dirty carpets and dusty surfaces.",1988-03-29
123,2031,3,The hotel had a convenient location near public transportation options.,2009-11-12
124,1564,5,Exquisite architecture and a grand ambiance made our stay memorable.,1996-04-14
125,602,1,The hotels Wi-Fi was unreliable and had frequent disconnections.,1976-09-23
126,1727,4,"The hotel had a beautiful rooftop terrace, perfect for enjoying sunsets.",2001-02-19
127,402,2,Unprofessional staff who lacked proper training in guest services.,1991-04-04
128,1043,3,"The hotel had a decent conference room, suitable for business meetings.",1978-02-02
129,298,5,A true haven of luxury and tranquility in the heart of the city.,1978-11-23
130,2237,1,"The hotels walls were scuffed and marked, showing signs of neglect.",1991-03-04
131,112,4,The hotels on-site restaurant served delicious cuisine with attentive service.,2017-02-20
132,1181,2,"The hotels soundproofing was inadequate, leading to disturbed sleep.",2007-12-27
133,1785,3,"The hotel had a small spa, but the treatment prices were steep.",2017-06-26
134,2846,5,Impeccable hospitality and a seamless experience from check-in to check-out.,2005-04-10
135,616,1,"The hotels cleanliness was questionable, with stained sheets and dirty bathrooms.",1993-07-14
136,2814,4,The hotels location provided easy access to shopping and dining options.,1985-09-06
137,2203,2,The hotels website misrepresented the facilities available on-site.,2022-09-29
138,511,3,"The hotel had a decent bar area, but the drink prices were high.",2007-02-12
139,2575,5,A magical retreat with exceptional service and breathtaking surroundings.,2012-12-13
140,2617,1,The hotels staff were unhelpful and displayed a lack of professionalism.,1971-09-27
141,1656,4,"The hotel had a well-equipped fitness center, perfect for staying active.",2022-05-21
142,786,2,The hotels room service was slow and often got our orders wrong.,2002-10-29
143,1855,3,Reasonably priced hotel with clean and comfortable rooms.,2009-11-14
144,2372,5,An oasis of luxury and serenity amidst the bustling city.,1984-03-06
145,2389,1,"The hotel had inadequate parking facilities, causing inconvenience.",2003-08-21
146,731,4,"The hotel had a charming courtyard, ideal for enjoying a cup of coffee.",2021-04-19
147,2764,2,The hotels amenities were outdated and in need of renovation.,2020-07-08
148,726,3,"The hotel had a helpful concierge service, providing useful local information.",1992-08-08
149,634,5,Outstanding service and attention to detail that exceeded our expectations.,1995-10-13
150,1025,1,The hotels restaurant had limited options and subpar food quality.,2006-11-05
151,1555,4,The hotels spa offered a wide range of relaxing treatments.,1981-12-29
152,1550,2,The hotels housekeeping service was inconsistent and often overlooked details.,1983-09-27
153,26,3,"The hotel had a small business center, suitable for basic needs.",1981-09-19
154,2261,5,An enchanting retreat that offered a perfect blend of luxury and comfort.,2000-05-05
155,1014,1,"The hotels noise insulation was poor, leading to disrupted sleep.",2011-07-09
156,1636,4,The hotels staff were friendly and went out of their way to assist us.,1984-06-03
157,1126,2,The hotels decor was outdated and lacked modern aesthetics.,2023-03-25
158,1581,3,"The hotel had a decent breakfast spread, catering to various dietary preferences.",2019-11-03
159,421,5,A truly remarkable hotel that left a lasting impression on us.,1992-06-30
160,1431,1,The hotels customer service was unresponsive and unhelpful.,2011-05-26
161,2074,4,"The hotel had a picturesque garden, perfect for relaxing strolls.",2007-01-01
162,652,2,The hotels air conditioning system was noisy and ineffective.,1991-08-20
163,691,3,"The hotel had a small pool area, which was often overcrowded.",1977-07-09
164,1670,5,A luxurious haven that provided an unforgettable experience.,2018-11-25
165,917,1,"The hotels cleanliness was lacking, with dusty surfaces and dirty carpets.",1999-11-17
166,209,4,The hotels location offered breathtaking views of the surrounding mountains.,2021-03-24
167,923,2,The hotels staff were unaccommodating and displayed poor customer service.,1994-04-06
168,181,3,"The hotel had a small gift shop, but the prices were exorbitant.",2005-03-24
169,2861,5,Exceptional service and exquisite amenities that surpassed our expectations.,2011-07-02
170,2202,1,The hotels Wi-Fi signal was weak and often disconnected.,1974-04-08
171,2217,4,"The hotel had a well-appointed lounge area, perfect for relaxation.",2001-04-14
172,2690,2,"The hotels maintenance was lacking, with broken fixtures and leaky faucets.",1996-03-27
173,1209,3,"The hotel offered a complimentary breakfast, but the options were limited.",1995-11-28
174,2505,5,A paradise of luxury and comfort that made our stay truly memorable.,1991-02-21
175,842,1,"The hotels walls were poorly soundproofed, resulting in disturbed sleep.",1977-01-03
176,2497,4,"The hotels location was convenient, with easy access to public transportation.",1985-03-24
177,1202,2,"The hotels cleanliness standards were below par, with uncleaned rooms.",1981-09-28
178,1063,3,"The hotel had a decent gym, but it lacked proper ventilation.",1974-02-25
179,1474,5,Attentive and friendly staff who made us feel like royalty.,2020-06-30
180,2003,1,"The hotel had limited parking space, causing inconvenience for guests.",2017-05-13
181,262,4,The hotels rooftop bar offered stunning views and delicious cocktails.,1995-04-24
182,550,2,The hotels customer service was unresponsive to our requests and inquiries.,2015-05-18
183,2720,3,"The hotel had a small business center, suitable for basic needs.",1979-04-06
184,1082,5,A true gem that provided a luxurious and unforgettable experience.,1972-06-03
185,2197,1,The hotels rooms were cramped and lacked adequate space for comfort.,1994-09-19
186,733,4,The hotels location provided easy access to the citys main attractions.,2011-11-18
187,2711,2,"The hotels cleanliness was subpar, with dirty bathrooms and stained linens.",2005-03-31
188,513,3,"The hotel had a small spa facility, offering limited services.",2005-08-23
189,1168,5,Exceptional service and attention to detail that made us feel pampered.,1970-12-03
190,2331,1,The hotels Wi-Fi was unreliable and had frequent connectivity issues.,1988-11-04
191,1350,4,The hotels staff were courteous and went out of their way to assist us.,1972-03-18
192,1815,2,The hotels amenities were outdated and in need of renovation.,1975-11-21
193,1239,3,"The hotel had a decent breakfast buffet, although the options were repetitive.",2004-08-22
194,339,5,A truly remarkable hotel with luxurious accommodations and impeccable service.,2005-06-12
195,32,1,"The hotels noise insulation was poor, and we could hear everything from neighboring rooms.",1998-01-09
196,462,4,"The hotel had a beautiful garden area, perfect for relaxation and tranquility.",1974-05-04
197,1798,2,The hotels housekeeping service was inconsistent and often overlooked details.,2000-03-19
198,230,3,"The hotel had a small fitness center, adequate for basic workouts.",1981-12-08
199,193,5,A luxurious and elegant retreat that surpassed all our expectations.,1990-10-17
200,2669,1,The hotels customer service was unresponsive and unhelpful.,1988-09-30
201,2571,4,The hotels rooftop pool offered breathtaking views of the city skyline.,1983-11-06
202,2170,2,The hotels decor was outdated and in need of modernization.,2013-03-31
203,2725,3,Reasonably priced hotel with clean rooms and friendly staff.,1977-08-05
204,1869,5,A luxurious haven with impeccable service and exquisite amenities.,2003-06-21
205,1394,1,The hotels rooms were poorly maintained and in a state of disrepair.,1989-04-26
206,55,4,"The hotels location was ideal, within walking distance of major attractions.",1972-04-18
207,1600,2,The hotels front desk staff were rude and unhelpful.,1993-10-14
208,2510,3,"The hotel had a decent pool area, but it was often crowded.",1970-02-01
209,350,5,An extraordinary hotel with unparalleled luxury and attention to detail.,1997-03-08
210,684,1,"The hotels cleanliness standards were subpar, with dirty common areas.",2010-04-04
211,2722,4,The hotels restaurant served delicious cuisine with attentive service.,2011-08-11
212,598,2,The hotels facilities were outdated and lacked modern amenities.,2022-06-29
213,361,3,"The hotel had a small conference room, suitable for business meetings.",2004-05-14
214,1963,5,A truly exceptional hotel that provided an unforgettable experience.,1990-08-12
215,2924,1,"The hotels noise insulation was poor, and we could hear everything from adjacent rooms.",1971-09-20
216,2709,4,The hotels staff were friendly and went out of their way to accommodate our needs.,2010-09-23
217,2160,2,"The hotels cleanliness was lacking, with dirty carpets and dusty furniture.",2009-06-18
218,2608,3,The hotel had a convenient location near public transportation options.,2015-06-04
219,1306,5,A luxurious retreat with top-notch service and stunning views.,2014-08-24
220,2427,1,"The hotels Wi-Fi was slow and unreliable, making it difficult to work or browse the internet.",1970-12-09
221,1206,4,"The hotel had a beautiful garden, perfect for relaxation and tranquility.",1992-03-02
222,1348,2,"The hotels maintenance was poor, with broken fixtures and malfunctioning appliances.",2008-07-20
223,1455,3,"The hotel had a decent fitness center, although the equipment could use an upgrade.",2011-05-08
224,2006,5,An unforgettable stay at a truly remarkable hotel.,2012-05-02
225,1464,1,"The hotels cleanliness left much to be desired, with dirty bathrooms and stained linens.",1970-09-09
226,2214,4,The hotels location offered stunning views and convenient access to local attractions.,2004-09-06
227,344,2,The hotels staff were unprofessional and provided poor customer service.,2003-02-07
228,2237,3,"The hotel had a small business center, adequate for basic needs.",2022-05-08
229,763,5,A haven of luxury and comfort that exceeded all expectations.,1995-03-15
230,188,1,"The hotels noise insulation was inadequate, resulting in disturbed sleep.",1979-07-20
231,573,4,The hotels staff were attentive and provided excellent service throughout our stay.,1999-10-28
232,96,2,The hotels amenities were outdated and not well-maintained.,2016-02-20
233,783,3,"The hotel had a small pool area, which was often overcrowded.",1975-02-10
234,1001,5,A truly exceptional hotel that provided a memorable and luxurious experience.,1998-12-19
235,200,1,"The hotels cleanliness was lacking, with uncleaned rooms and dirty common areas.",1979-01-31
236,701,4,"The hotels location was convenient, with easy access to transportation and attractions.",1973-06-13
237,2846,2,The hotels staff were unfriendly and unresponsive to our requests.,1977-05-24
238,653,3,The hotel had a decent breakfast buffet with a variety of options.,1999-04-20
239,696,5,An unforgettable stay at a hotel that exemplified luxury and elegance.,1988-08-29
240,150,1,The hotels Wi-Fi connection was unreliable and had frequent interruptions.,1976-11-25
241,2240,4,The hotels rooftop terrace provided breathtaking views and a relaxing ambiance.,1970-05-29
242,650,2,The hotels rooms were outdated and in need of renovation.,1982-10-01
243,1651,3,Reasonably priced hotel with clean rooms and friendly staff.,2001-02-05
244,622,5,A truly exceptional hotel that provided a memorable and luxurious experience.,1994-09-14
245,509,1,"The hotels cleanliness was lacking, with uncleaned rooms and dirty common areas.",2006-01-21
246,2412,4,"The hotels location was convenient, with easy access to transportation and attractions.",2014-05-06
247,984,2,The hotels staff were unfriendly and unresponsive to our requests.,2000-05-23
248,1543,3,The hotel had a decent breakfast buffet with a variety of options.,1981-01-12
249,577,5,An unforgettable stay at a hotel that exemplified luxury and elegance.,2001-05-25
250,1777,1,The hotels Wi-Fi connection was unreliable and had frequent interruptions.,2007-10-15
251,2019,4,The hotels rooftop terrace provided breathtaking views and a relaxing ambiance.,2015-01-09
252,1459,2,The hotels rooms were outdated and in need of renovation.,1971-05-13
253,78,3,Reasonably priced hotel with clean rooms and friendly staff.,2011-04-08
254,2532,5,A truly exceptional hotel that provided a memorable and luxurious experience.,1998-12-16
255,659,1,"The hotels cleanliness was lacking, with uncleaned rooms and dirty common areas.",1997-07-15
256,690,4,"The hotels location was convenient, with easy access to transportation and attractions.",2018-09-27
257,2454,2,The hotels staff were unfriendly and unresponsive to our requests.,2008-02-09
258,901,3,The hotel had a decent breakfast buffet with a variety of options.,1974-05-07
259,1815,5,An unforgettable stay at a hotel that exemplified luxury and elegance.,1982-08-30
260,1855,1,The hotels Wi-Fi connection was unreliable and had frequent interruptions.,1993-01-05
261,2235,4,The hotels rooftop terrace provided breathtaking views and a relaxing ambiance.,2022-05-06
262,214,2,The hotels rooms were outdated and in need of renovation.,2012-10-17
263,2514,3,Reasonably priced hotel with clean rooms and friendly staff.,1979-07-06
264,865,5,A truly exceptional hotel that provided a memorable and luxurious experience.,1977-12-23
265,2297,1,"The hotels cleanliness was lacking, with uncleaned rooms and dirty common areas.",2011-11-13
266,2724,4,"The hotels location was convenient, with easy access to transportation and attractions.",2002-08-08
267,2223,2,The hotels staff were unfriendly and unresponsive to our requests.,2017-07-29
268,1958,3,The hotel had a decent breakfast buffet with a variety of options.,1985-02-06
269,486,5,An unforgettable stay at a hotel that exemplified luxury and elegance.,1990-05-15
270,52,1,The hotels Wi-Fi connection was unreliable and had frequent interruptions.,2012-10-07
271,2235,4,The worker was knowledgeable and provided great recommendations for our vacation.,1976-01-24
272,2674,2,The worker seemed disinterested and did not go the extra mile to assist us.,1993-11-30
273,14,3,The worker was efficient in booking our flights but lacked personal engagement.,1983-12-03
274,749,5,The worker was a pleasure to work with - their enthusiasm and expertise made planning our trip enjoyable.,1979-10-25
275,275,1,We were extremely disappointed with the worker - they made numerous mistakes and showed a lack of professionalism.,1997-11-25
276,2724,4,The worker went above and beyond to find us the best deals and accommodations.,1989-08-04
277,1167,3,The worker was friendly but could have been more proactive in providing information.,2013-11-23
278,8,5,The worker was exceptional - they took care of every detail and made our vacation stress-free.,2015-08-08
279,1120,2,The worker lacked attention to detail and made errors in our travel itinerary.,1977-09-01
280,1223,3,The worker was polite but seemed overwhelmed and struggled to handle multiple requests.,1982-06-30
281,270,4,The worker was prompt in responding to our queries and provided excellent customer service.,1981-03-24
282,1652,1,"We were extremely dissatisfied with the worker - they were unhelpful and unresponsive, making the experience frustrating.",2008-03-21
283,556,5,The worker demonstrated extensive knowledge and helped us create a personalized itinerary.,2004-01-07
284,1753,2,The worker seemed indifferent and did not show genuine interest in assisting us.,2008-12-21
285,2484,3,"The worker provided the necessary information, but their communication lacked warmth.",2020-04-19
286,1003,4,"The worker was patient and understanding, answering all our questions with clarity.",1973-06-02
287,1843,1,We had a terrible experience with the worker - they were unresponsive and failed to address our concerns.,2009-08-28
288,2022,5,"The worker was proactive and resourceful, ensuring all our travel arrangements were perfect.",1986-05-05
289,2672,2,The worker appeared disorganized and provided inaccurate information about our travel options.,2000-08-04
290,2915,4,The worker was attentive and offered valuable insights for our vacation planning.,2018-02-21
291,491,3,"The worker was courteous, but we felt their responses could have been more detailed.",1997-03-24
292,1207,5,The worker was an absolute delight to work with - they exceeded our expectations.,1970-02-22
293,2086,1,We had a terrible experience with the worker - they were unresponsive and unprofessional.,1998-08-17
294,37,4,"The worker was friendly and accommodating, making the booking process seamless.",2005-01-22
295,1149,2,The worker lacked professionalism and made mistakes in our travel arrangements.,1976-07-28
296,1553,3,The worker provided satisfactory service but lacked a personalized touch.,1990-04-30
297,296,5,The worker was a true professional - their expertise and personalized recommendations made our trip unforgettable.,1983-07-04
298,2614,1,We were extremely unsatisfied with the worker - they were unresponsive and unprofessional.,1982-08-31
299,2497,4,The worker was prompt in their responses and provided excellent customer service.,2000-05-19
300,955,2,The worker appeared disinterested and lacked enthusiasm in assisting us.,2005-09-25
301,1804,3,The worker provided satisfactory service but could have been more proactive in providing updates.,2000-12-05
302,221,5,The worker was an exceptional travel agent - they made our trip memorable and hassle-free.,2016-11-10
303,430,1,We were highly disappointed with the worker - they provided incorrect information and caused confusion.,1991-08-01
304,1607,4,The worker was knowledgeable and helped us create an itinerary that suited our preferences.,1987-09-04
305,487,2,The worker seemed overwhelmed and struggled to handle customer inquiries efficiently.,2014-06-16
306,2240,3,"The worker was polite, but we expected more personalized recommendations.",1993-12-13
307,1471,5,The worker was outstanding - they listened to our preferences and crafted a dream vacation.,2018-03-03
308,2233,1,We had a terrible experience with the worker - they provided incorrect information and did not apologize for the inconvenience caused.,1977-04-19
309,1782,4,The worker was attentive and offered valuable insights for our vacation planning.,1977-11-10
310,1923,2,The worker appeared disinterested and lacked enthusiasm in assisting us.,2003-05-07
311,2406,3,The worker provided satisfactory service but lacked attention to detail.,2009-05-03
312,587,5,The worker was exceptional - they took care of every detail and ensured a memorable travel experience.,1990-12-24
313,149,1,We were unsatisfied with the worker - they provided incorrect information and did not rectify the situation promptly.,2021-02-25
314,2776,4,The worker demonstrated exceptional knowledge and attention to detail.,2013-12-01
315,78,2,The worker seemed disinterested and did not show enthusiasm in assisting us.,1974-03-07
316,2439,3,The worker provided satisfactory service but could have been more proactive in providing updates.,2011-05-31
317,2361,5,The worker was outstanding - they tailored our trip to perfection and exceeded our expectations.,1976-08-30
318,2584,1,We were extremely disappointed with the worker - they mishandled our booking and did not take responsibility.,1991-03-16
319,1160,4,The worker was knowledgeable and helped us create a customized itinerary.,2003-08-19
320,2574,2,The worker appeared disengaged and did not provide satisfactory service.,1976-02-06
321,269,3,The worker provided satisfactory service but could have been more proactive in providing updates.,1995-12-17
322,392,5,The worker was exceptional - they went above and beyond to create a memorable travel experience.,1994-09-22
323,675,1,We had a terrible experience with the worker - they mishandled our booking and did not rectify the situation.,2007-12-12
324,939,4,The worker was attentive and provided valuable insights to enhance our travel experience.,1996-12-24
325,2313,2,The worker seemed overwhelmed and struggled to handle customer inquiries efficiently.,1983-04-21
326,1624,3,The worker was polite but could have been more proactive in providing updates.,2001-08-15
327,425,5,The worker was exceptional - they took care of every detail and ensured a flawless vacation.,2013-11-24
328,2734,1,We were unsatisfied with the worker - they provided incorrect information and did not address our concerns.,2021-03-12
329,1449,4,The worker was knowledgeable and helped us craft a customized itinerary.,2009-09-24
330,1069,2,The worker appeared disinterested and did not show genuine interest in assisting us.,1971-03-03
331,2249,3,The worker provided satisfactory service but could have been more attentive to detail.,2019-11-26
332,2891,5,The worker was outstanding - they tailored our trip to perfection and exceeded our expectations.,2018-08-23
333,910,1,We had a terrible experience with the worker - they provided incorrect information and were unresponsive.,1991-10-28
334,2867,4,The worker was attentive and provided valuable insights to enhance our travel experience.,2009-08-25
335,2654,2,The worker seemed overwhelmed and struggled to handle multiple customer inquiries.,2021-06-15
336,2013,3,"The worker was friendly, but we expected more proactive assistance.",2020-05-13
337,182,5,The worker was exceptional - they took care of every detail and ensured a flawless vacation.,2000-08-07
338,2518,1,We were highly disappointed with the worker - they provided incorrect information and did not rectify the situation.,2018-02-13
339,1071,4,The worker was knowledgeable and helped us craft a perfect itinerary.,1975-05-09
340,769,2,The worker seemed disengaged and did not provide satisfactory assistance.,1987-01-15
341,2107,3,The worker provided satisfactory service but lacked attention to detail.,2001-06-04
342,85,5,The worker was outstanding - they tailored our trip to perfection and exceeded our expectations.,2016-11-02
343,2426,1,We had a terrible experience with the worker - they provided incorrect information and did not address our concerns.,1971-09-22
344,1215,4,The worker was attentive and provided valuable insights to enhance our travel experience.,1988-08-23
345,2660,2,The worker seemed overwhelmed and struggled to handle multiple customer inquiries.,1997-11-25
346,1219,3,"The worker was friendly, but we expected more proactive assistance.",2022-06-25
347,228,5,The worker was exceptional - they took care of every detail and ensured a flawless vacation.,1979-01-13
348,533,1,We were highly disappointed with the worker - they provided incorrect information and were unresponsive.,1975-06-08
349,521,4,The worker was knowledgeable and helped us craft a perfect itinerary.,2008-01-13
350,846,2,The worker seemed disengaged and did not provide satisfactory assistance.,1973-04-12
351,899,3,The worker provided satisfactory service but lacked attention to detail.,1993-10-15
352,1248,5,The worker was outstanding - they tailored our trip to perfection and exceeded our expectations.,1977-10-06
353,2050,1,We had a terrible experience with the worker - they provided incorrect information and did not address our concerns.,1990-02-26
354,333,4,The worker was attentive and provided valuable insights to enhance our travel experience.,1997-01-15
355,369,2,The worker seemed overwhelmed and struggled to handle multiple customer inquiries.,2002-03-09
356,746,3,"The worker was friendly, but we expected more proactive assistance.",1974-06-06
357,100,5,The worker was exceptional - they took care of every detail and ensured a flawless vacation.,2023-03-21
358,1695,1,We were highly disappointed with the worker - they provided incorrect information and were unresponsive.,1970-11-16
359,188,4,The worker was knowledgeable and helped us craft a perfect itinerary.,1983-06-27
360,2832,2,The worker seemed disengaged and did not provide satisfactory assistance.,1988-11-24
361,11,3,The worker provided satisfactory service but lacked attention to detail.,1980-04-25
362,1070,5,The worker was outstanding - they tailored our trip to perfection and exceeded our expectations.,2008-11-14
363,2872,1,We had a terrible experience with the worker - they provided incorrect information and did not address our concerns.,1993-01-12
364,287,4,The worker was attentive and provided valuable insights to enhance our travel experience.,1980-02-25
365,1689,2,The worker seemed overwhelmed and struggled to handle multiple customer inquiries.,1998-05-10
366,753,3,"The worker was friendly, but we expected more proactive assistance.",2022-12-12
367,826,5,The worker was exceptional - they took care of every detail and ensured a flawless vacation.,1995-12-08
368,1588,1,We were highly disappointed with the worker - they provided incorrect information and were unresponsive.,2021-03-18
369,317,4,The worker was knowledgeable and helped us craft a perfect itinerary.,2003-06-25
370,1332,2,The worker seemed disengaged and did not provide satisfactory assistance.,1988-09-18
371,370,4,The agent was knowledgeable and provided great recommendations for our vacation.,1986-02-06
372,1625,2,The employee seemed disinterested and did not go the extra mile to assist us.,2003-03-09
373,1423,3,The representative was efficient in booking our flights but lacked personal engagement.,2007-11-09
374,460,5,The consultant was a pleasure to work with - their enthusiasm and expertise made planning our trip enjoyable.,1989-05-08
375,1280,1,We were extremely disappointed with the staff member - they made numerous mistakes and showed a lack of professionalism.,1994-03-26
376,2897,4,The agent went above and beyond to find us the best deals and accommodations.,1986-11-14
377,2770,3,The employee was friendly but could have been more proactive in providing information.,2005-11-07
378,1588,5,The advisor was exceptional - they took care of every detail and made our vacation stress-free.,1986-04-08
379,555,2,The representative lacked attention to detail and made errors in our travel itinerary.,1982-05-11
380,459,3,The agent was polite but seemed overwhelmed and struggled to handle multiple requests.,1982-10-04
381,782,4,The employee was prompt in responding to our queries and provided excellent customer service.,1993-04-13
382,1974,1,"We were extremely dissatisfied with the staff member - they were unhelpful and unresponsive, making the experience frustrating.",2019-10-25
383,1987,5,The consultant demonstrated extensive knowledge and helped us create a personalized itinerary.,1976-10-09
384,2901,2,The agent seemed indifferent and did not show genuine interest in assisting us.,1983-03-29
385,472,3,"The employee provided the necessary information, but their communication lacked warmth.",2015-04-24
386,1729,4,"The representative was patient and understanding, answering all our questions with clarity.",1988-12-14
387,1369,1,We had a terrible experience with the staff member - they were unresponsive and failed to address our concerns.,2016-02-22
388,631,5,"The advisor was proactive and resourceful, ensuring all our travel arrangements were perfect.",1972-10-16
389,2411,2,The agent appeared disorganized and provided inaccurate information about our travel options.,2004-04-06
390,2739,4,The employee was attentive and offered valuable insights for our vacation planning.,1976-08-03
391,1743,3,"The representative was courteous, but we felt their responses could have been more detailed.",1981-02-02
392,2794,5,The consultant was an absolute delight to work with - they exceeded our expectations.,2001-10-24
393,563,1,We had a terrible experience with the staff member - they were unresponsive and unprofessional.,2020-12-12
394,416,4,"The agent was friendly and accommodating, making the booking process seamless.",2019-08-11
395,1952,2,The employee lacked professionalism and made mistakes in our travel arrangements.,1997-08-31
396,2366,3,The representative provided satisfactory service but lacked a personalized touch.,2017-04-03
397,2755,5,The advisor was a true professional - their expertise and personalized recommendations made our trip unforgettable.,1984-01-30
398,1943,1,We were extremely unsatisfied with the staff member - they were unresponsive and unprofessional.,1987-06-07
399,834,4,The agent was prompt in their responses and provided excellent customer service.,1977-04-21
400,2876,2,The employee appeared disinterested and lacked enthusiasm in assisting us.,1993-06-14
401,2094,3,The representative provided satisfactory service but could have been more proactive in providing updates.,1988-11-18
402,2817,5,The consultant was an exceptional travel agent - they made our trip memorable and hassle-free.,1995-10-26
403,2191,1,We were highly disappointed with the staff member - they provided incorrect information and caused confusion.,2001-08-09
404,1379,4,The employee was knowledgeable and helped us create an itinerary that suited our preferences.,1999-07-08
405,1370,2,The agent seemed overwhelmed and struggled to handle customer inquiries efficiently.,1995-04-16
406,2920,3,The representative was polite but could have been more proactive in providing updates.,1972-02-11
407,1761,5,The advisor was exceptional - they took care of every detail and ensured a flawless vacation.,2000-02-29
408,2389,1,We were unsatisfied with the staff member - they provided incorrect information and did not apologize for the inconvenience caused.,2011-05-08
409,2873,4,The agent was attentive and provided valuable insights to enhance our travel experience.,1973-05-22
410,188,2,The employee seemed disengaged and did not show enthusiasm in assisting us.,1970-10-19
411,2465,3,The representative provided satisfactory service but lacked attention to detail.,2008-03-10
412,1974,5,The consultant was outstanding - they tailored our trip to perfection and exceeded our expectations.,2018-03-30
413,191,1,We had a terrible experience with the staff member - they provided incorrect information and did not rectify the situation promptly.,2020-01-29
414,1371,4,The employee demonstrated exceptional knowledge and attention to detail.,2003-05-22
415,602,2,The agent appeared disinterested and did not show genuine interest in assisting us.,1978-05-11
416,2786,3,The representative provided satisfactory service but could have been more proactive in providing updates.,2008-08-23
417,1445,5,The advisor was outstanding - they tailored our trip to perfection and exceeded our expectations.,1991-12-04
418,1797,1,We were extremely disappointed with the staff member - they mishandled our booking and did not take responsibility.,1987-02-20
419,2660,4,The agent was knowledgeable and helped us create a customized itinerary.,1978-07-12
420,608,2,The employee appeared disengaged and did not provide satisfactory service.,1973-06-04
421,2909,3,The representative provided satisfactory service but could have been more proactive in providing updates.,2014-03-27
422,1923,5,The consultant was exceptional - they went above and beyond to create a memorable travel experience.,2004-10-19
423,1292,1,We had a terrible experience with the staff member - they provided incorrect information and did not rectify the situation.,2023-05-06
424,2553,4,The employee was attentive and provided valuable insights to enhance our travel experience.,2016-08-11
425,1482,2,The agent seemed overwhelmed and struggled to handle multiple customer inquiries.,1981-09-24
426,13,3,"The representative was friendly, but we expected more proactive assistance.",1977-09-21
427,1586,5,The advisor was exceptional - they took care of every detail and ensured a flawless vacation.,1987-02-12
428,417,1,We were highly disappointed with the staff member - they provided incorrect information and were unresponsive.,1977-03-19
429,1604,4,The agent was knowledgeable and helped us craft a customized itinerary.,1984-07-25
430,1564,2,The employee seemed disinterested and did not show genuine interest in assisting us.,1979-06-14
431,717,3,The representative provided satisfactory service but could have been more attentive to detail.,1989-02-04
432,2844,5,The consultant was outstanding - they tailored our trip to perfection and exceeded our expectations.,1994-06-14
433,391,1,We had a terrible experience with the staff member - they provided incorrect information and did not address our concerns.,2000-12-17
434,1377,4,The employee was attentive and provided valuable insights to enhance our travel experience.,1988-12-11
435,1138,2,The agent seemed overwhelmed and struggled to handle multiple customer inquiries.,1992-03-10
436,2733,3,"The representative was friendly, but we expected more proactive assistance.",1985-01-31
437,2363,5,The advisor was exceptional - they took care of every detail and ensured a flawless vacation.,2022-11-14
438,2309,1,We were highly disappointed with the staff member - they provided incorrect information and were unresponsive.,2007-10-19
439,1588,4,The agent was knowledgeable and helped us craft a perfect itinerary.,2021-02-10
440,2445,2,The employee seemed disengaged and did not provide satisfactory assistance.,1987-02-08
441,694,3,The representative provided satisfactory service but lacked attention to detail.,2019-10-10
442,793,5,The consultant was outstanding - they tailored our trip to perfection and exceeded our expectations.,2001-02-11
443,1285,1,We had a terrible experience with the staff member - they provided incorrect information and did not address our concerns.,2015-08-07
444,1228,4,The employee was attentive and provided valuable insights to enhance our travel experience.,2009-08-09
445,949,2,The agent seemed overwhelmed and struggled to handle multiple customer inquiries.,1997-12-15
446,555,3,"The representative was friendly, but we expected more proactive assistance.",2003-02-02
447,187,5,The advisor was exceptional - they took care of every detail and ensured a flawless vacation.,1984-03-04
448,161,1,We were highly disappointed with the staff member - they provided incorrect information and were unresponsive.,2009-04-09
449,881,4,The agent was knowledgeable and helped us craft a perfect itinerary.,1975-01-20
450,603,2,The employee seemed disengaged and did not provide satisfactory assistance.,1977-11-01
451,1533,3,The representative provided satisfactory service but lacked attention to detail.,1976-05-13
452,1938,5,The consultant was outstanding - they tailored our trip to perfection and exceeded our expectations.,1997-09-06
453,1819,1,We had a terrible experience with the staff member - they provided incorrect information and did not address our concerns.,2018-08-27
454,1535,4,The employee was attentive and provided valuable insights to enhance our travel experience.,2003-06-30
455,2457,2,The agent seemed overwhelmed and struggled to handle multiple customer inquiries.,2011-02-17
456,810,3,"The representative was friendly, but we expected more proactive assistance.",2009-05-16
457,2646,5,The advisor was exceptional - they took care of every detail and ensured a flawless vacation.,1974-06-02
458,1508,1,We were highly disappointed with the staff member - they provided incorrect information and were unresponsive.,1972-01-12
459,1455,4,The agent was knowledgeable and helped us craft a perfect itinerary.,2019-07-15
460,2029,2,The employee seemed disengaged and did not provide satisfactory assistance.,1987-04-01
461,1018,3,The representative provided satisfactory service but lacked attention to detail.,1973-01-04
462,1360,5,The consultant was outstanding - they tailored our trip to perfection and exceeded our expectations.,2014-04-06
463,1877,1,We had a terrible experience with the staff member - they provided incorrect information and did not address our concerns.,2003-05-06
464,96,4,The employee was attentive and provided valuable insights to enhance our travel experience.,1974-11-15
465,961,2,The agent seemed overwhelmed and struggled to handle multiple customer inquiries.,2009-03-22
466,1036,3,"The representative was friendly, but we expected more proactive assistance.",1979-03-17
467,655,5,The advisor was exceptional - they took care of every detail and ensured a flawless vacation.,2008-06-07
468,2734,1,We were highly disappointed with the staff member - they provided incorrect information and were unresponsive.,1973-10-03
469,1067,4,The agent was knowledgeable and helped us craft a perfect itinerary.,1975-03-01
470,1995,2,The employee seemed disengaged and did not provide satisfactory assistance.,1977-08-22
471,1489,4,The guide was knowledgeable and provided insightful commentary throughout the tour.,1995-12-27
472,58,2,"The guide seemed competent, but lacked the enthusiasm I usually appreciate from tour guides.",1989-08-10
473,1666,3,"The guide was friendly, but we felt their storytelling could have been more engaging.",2004-08-19
474,2583,5,The guide was incredibly helpful and went above and beyond to ensure our travel experience was exceptional.,1993-06-16
475,1450,1,We were disappointed with the guide - they were unresponsive and did not address our concerns.,1982-10-18
476,1769,4,The guide was attentive and provided interesting historical anecdotes during the tour.,2015-07-15
477,2333,3,"The guide was informative, but we expected more personal interactions and engagement.",2011-02-20
478,256,5,The guide was outstanding - their passion and expertise made the tour unforgettable.,1983-03-23
479,1939,2,The guide lacked enthusiasm and did not create an immersive experience for us.,1988-08-21
480,2318,3,"The guide was polite, but their storytelling could have been more captivating.",2000-10-01
481,841,4,The guide was knowledgeable and provided interesting insights into the local culture.,1986-10-13
482,1260,1,We had a frustrating experience with the guide - they were unhelpful and unresponsive.,2005-07-03
483,688,5,The guide was incredibly helpful and ensured our travel plans went smoothly.,1991-03-25
484,610,2,The guide lacked the warmth and personal touch that we usually appreciate from tour guides.,1974-10-12
485,2099,3,"The guide provided satisfactory information, but we expected more enthusiasm and energy.",1973-10-30
486,887,4,The guide was friendly and made the tour engaging with their interactive approach.,1995-08-06
487,597,1,We were disappointed with the guide - they were unresponsive and failed to address our concerns.,1981-04-09
488,2409,5,The guide was proactive in sharing interesting facts and making the tour enjoyable.,2021-08-08
489,2102,2,The guide appeared disengaged and did not show genuine interest in showcasing the attractions.,2022-12-12
490,1325,4,The guide was attentive and provided valuable insights that enhanced our tour experience.,1975-07-03
491,1297,3,"The guide was polite, but we expected more personalized attention and interaction.",2015-03-20
492,559,5,The guide was exceptional - their knowledge and storytelling skills made the tour memorable.,2021-02-09
493,2148,1,We were dissatisfied with the guide - they provided inaccurate information and were unresponsive.,2002-08-08
494,1027,4,The guide was knowledgeable and shared fascinating details about the landmarks we visited.,1989-08-21
495,2657,2,The guide lacked enthusiasm and did not create a vibrant atmosphere during the tour.,2003-05-18
496,1506,3,"The guide provided satisfactory information, but we expected a more dynamic presentation.",1972-05-28
497,2775,5,The guide was outstanding - they made the tour educational and entertaining for everyone.,1994-11-30
498,2239,1,We had a disappointing experience with the guide - they were unresponsive and did not meet our expectations.,1982-07-07
499,526,4,The guide was proactive in providing insights and answered all our questions during the tour.,1992-11-22
500,1102,2,The guide lacked the charisma and energy that we usually associate with exceptional tour guides.,2022-04-16
501,922,3,"The guide provided satisfactory information, but we expected more engaging storytelling.",1983-05-21
502,1609,5,The guide was exceptional - they brought the history and culture to life with their passionate narration.,1994-04-19
503,2592,1,We were dissatisfied with the guide - they provided inaccurate information and were unresponsive to our concerns.,1988-08-15
504,1473,4,The guide was knowledgeable and provided in-depth explanations of the attractions we visited.,2015-07-11
505,1494,2,The guide seemed disinterested and did not make an effort to create an enjoyable tour experience.,2020-08-14
506,1373,3,"The guide provided satisfactory information, but we expected more interactive elements in the tour.",2017-04-27
507,1098,5,The guide was outstanding - they made the tour informative and entertaining for all participants.,1986-10-30
508,2662,1,We had a disappointing experience with the guide - they were unresponsive and did not address our concerns.,1984-07-06
509,2841,4,The guide was attentive and shared interesting anecdotes that enhanced our understanding of the destination.,1980-01-08
510,2200,2,The guide lacked enthusiasm and did not create an engaging atmosphere during the tour.,1982-02-03
511,764,3,"The guide provided satisfactory information, but we expected more passion in their delivery.",2012-03-13
512,1091,5,The guide was exceptional - they made the tour immersive and left us with lasting memories.,1996-12-16
513,1427,1,We were dissatisfied with the guide - they provided inaccurate information and were unresponsive to our concerns.,2006-08-25
514,1836,4,The guide was knowledgeable and provided insightful commentary throughout the tour.,1989-02-06
515,2109,2,The guide lacked enthusiasm and did not create an immersive experience for us.,2011-10-22
516,2015,3,"The guide provided satisfactory information, but we expected more interactive elements in the tour.",1972-04-04
517,1729,5,The guide was outstanding - their passion and expertise made the tour unforgettable.,2020-07-10
518,1960,1,We were disappointed with the guide - they were unresponsive and did not address our concerns.,1980-05-02
519,553,4,The guide was attentive and provided interesting historical anecdotes during the tour.,1979-06-23
520,1397,2,The guide lacked the warmth and personal touch that we usually appreciate from tour guides.,2002-01-30
521,2426,3,"The guide was informative, but we expected more personal interactions and engagement.",1973-02-23
522,1095,5,The guide was incredibly helpful and went above and beyond to ensure our travel experience was exceptional.,1993-12-07
523,2336,1,We were disappointed with the guide - they were unresponsive and did not address our concerns.,1970-11-03
524,442,4,The guide was proactive in sharing interesting facts and making the tour enjoyable.,2020-02-05
525,745,2,The guide lacked enthusiasm and did not create an immersive experience for us.,2001-11-24
526,1518,3,"The guide provided satisfactory information, but we expected more enthusiasm and energy.",2015-05-18
527,2388,5,The guide was exceptional - their knowledge and storytelling skills made the tour memorable.,1978-01-31
528,881,1,We had a frustrating experience with the guide - they were unhelpful and unresponsive.,2010-04-14
529,2424,4,The guide was knowledgeable and provided excellent assistance throughout the tour.,2011-02-18
530,1299,2,"The guide seemed competent, but lacked the enthusiasm I usually appreciate from tour guides.",1978-02-25
531,629,3,"The guide was friendly, but we felt their storytelling could have been more engaging.",1985-07-31
532,1578,5,The guide was incredibly helpful and went above and beyond to ensure our travel experience was exceptional.,1975-10-08
533,459,1,We were disappointed with the guide - they were unresponsive and did not address our concerns.,2014-01-16
534,1857,4,The guide was attentive and provided interesting historical anecdotes during the tour.,1990-03-25
535,2701,2,The guide lacked the warmth and personal touch that we usually appreciate from tour guides.,2020-04-13
536,1185,3,"The guide was informative, but we expected more personal interactions and engagement.",1980-02-08
537,1757,5,The guide was outstanding - their passion and expertise made the tour unforgettable.,1998-06-08
538,2346,1,We were disappointed with the guide - they were unresponsive and did not address our concerns.,1973-11-21
539,2515,4,The guide was proactive in sharing interesting facts and making the tour enjoyable.,1977-12-13
540,1902,2,The guide lacked enthusiasm and did not create an immersive experience for us.,1970-03-16
541,958,3,"The guide provided satisfactory information, but we expected more enthusiasm and energy.",1987-06-22
542,373,5,The guide was exceptional - their knowledge and storytelling skills made the tour memorable.,1988-07-22
543,834,1,We had a frustrating experience with the guide - they were unhelpful and unresponsive.,1971-12-29
544,61,4,The guide was knowledgeable and provided excellent assistance throughout the tour.,1974-08-17
545,974,2,"The guide seemed competent, but lacked the enthusiasm I usually appreciate from tour guides.",1997-06-14
546,2915,3,"The guide was friendly, but we felt their storytelling could have been more engaging.",1973-06-09
547,83,5,The guide was incredibly helpful and went above and beyond to ensure our travel experience was exceptional.,1980-01-29
548,2375,1,We were disappointed with the guide - they were unresponsive and did not address our concerns.,1997-01-06
549,1987,4,The guide was attentive and provided interesting historical anecdotes during the tour.,1975-05-01
550,1294,2,The guide lacked the warmth and personal touch that we usually appreciate from tour guides.,2016-05-04
551,1193,3,"The guide was informative, but we expected more personal interactions and engagement.",1991-11-03
552,646,5,The guide was outstanding - their passion and expertise made the tour unforgettable.,2001-08-07
553,144,1,We were disappointed with the guide - they were unresponsive and did not address our concerns.,2006-10-09
554,1581,4,The guide was proactive in sharing interesting facts and making the tour enjoyable.,2015-09-12
555,792,2,The guide lacked enthusiasm and did not create an immersive experience for us.,2018-06-26
556,1785,3,"The guide provided satisfactory information, but we expected more enthusiasm and energy.",1998-05-21
557,2342,5,The guide was exceptional - their knowledge and storytelling skills made the tour memorable.,1997-07-30
558,1607,1,We had a frustrating experience with the guide - they were unhelpful and unresponsive.,1977-01-04
559,2170,4,The guide was knowledgeable and provided excellent assistance throughout the tour.,2017-07-08
560,588,2,"The guide seemed competent, but lacked the enthusiasm I usually appreciate from tour guides.",1994-01-31
561,567,3,"The guide was friendly, but we felt their storytelling could have been more engaging.",1997-11-26
562,337,5,The guide was incredibly helpful and went above and beyond to ensure our travel experience was exceptional.,2019-11-12
563,540,1,We were disappointed with the guide - they were unresponsive and did not address our concerns.,2019-04-07
564,2671,4,The guide was attentive and provided interesting historical anecdotes during the tour.,2020-05-20
565,1719,2,The guide lacked the warmth and personal touch that we usually appreciate from tour guides.,1979-10-30
566,2551,3,"The guide was informative, but we expected more personal interactions and engagement.",2004-06-12
567,1599,5,The guide was outstanding - their passion and expertise made the tour unforgettable.,2016-05-26
568,2823,1,We were disappointed with the guide - they were unresponsive and did not address our concerns.,2006-03-01
569,415,4,The guide was proactive in sharing interesting facts and making the tour enjoyable.,2008-05-16
570,1702,2,The guide lacked enthusiasm and did not create an immersive experience for us.,2017-12-26
571,2089,4,The guide was knowledgeable and provided insightful commentary about the local history and culture.,1994-01-25
572,420,2,The guide seemed competent but lacked the enthusiasm and energy that make a tour engaging.,1972-10-02
573,2156,3,"The guide was friendly, but their storytelling could have been more captivating and immersive.",1989-09-18
574,522,5,The guide was exceptional - their passion and expertise made the tour a truly memorable experience.,2018-03-27
575,251,1,We were disappointed with the guide - they were unresponsive and did not address our questions and concerns adequately.,2002-11-16
576,902,4,The guide was attentive and shared fascinating anecdotes that enriched our understanding of the destination.,2000-03-22
577,658,3,"The guide was informative, but we expected a more personalized and interactive tour experience.",1998-09-10
578,2900,5,The guide was outstanding - they went above and beyond to ensure our tour was tailored to our interests and preferences.,2011-02-21
579,908,2,The guide lacked enthusiasm and failed to create an engaging and lively atmosphere during the tour.,2009-11-17
580,2824,3,"The guide was polite, but we expected more dynamic and captivating storytelling.",2020-06-05
581,2347,4,The guide was knowledgeable and provided interesting insights into the local customs and traditions.,1970-04-04
582,659,1,We had a frustrating experience with the guide - they were unhelpful and dismissive of our inquiries and needs.,1997-02-04
583,1362,5,"The guide was incredibly helpful and accommodating, making sure everyone had a fantastic time on the tour.",2020-05-04
584,2478,2,The guide lacked the warmth and personal connection that we usually expect from exceptional tour guides.,1991-01-08
585,1229,3,"The guide provided satisfactory information, but we expected more energy and enthusiasm in their delivery.",1985-01-06
586,454,4,"The guide was friendly and interacted well with the group, making the tour enjoyable for everyone.",1982-09-24
587,1603,1,We were disappointed with the guide - they were unresponsive and did not meet our expectations for a quality tour experience.,2007-11-09
588,33,5,"The guide was proactive in sharing interesting facts and stories, making the tour informative and engaging.",2019-10-16
589,103,2,The guide appeared disengaged and did not convey a genuine passion for the destination during the tour.,1972-05-22
590,279,4,"The guide was attentive and provided valuable insights, enhancing our appreciation of the sights and attractions.",1974-01-06
591,55,3,"The guide was polite, but we expected more personal interactions and opportunities for questions during the tour.",1991-10-18
592,1764,5,The guide was exceptional - they brought the history and culture of the destination to life through their engaging narratives.,1979-07-19
593,1668,1,We were dissatisfied with the guide - they provided inaccurate information and were unresponsive to our concerns.,1987-02-01
594,519,4,The guide was knowledgeable and shared intriguing details about the landmarks and their significance.,1997-04-06
595,1224,2,The guide lacked enthusiasm and failed to create a vibrant and energetic atmosphere during the tour.,1978-11-27
596,555,3,"The guide provided satisfactory information, but we expected a more immersive and interactive tour experience.",2012-04-05
597,184,5,The guide was outstanding - they made the tour memorable with their expertise and engaging storytelling.,2009-11-16
598,188,1,We had a disappointing experience with the guide - they were unresponsive and did not address our concerns.,1988-07-09
599,1804,4,The guide was proactive in providing additional information and ensuring a comprehensive tour experience.,1999-05-22
600,726,2,The guide seemed disinterested and did not exhibit the passion and enthusiasm we anticipated.,2023-01-23
601,2516,3,"The guide provided satisfactory information, but we expected a more captivating and dynamic presentation.",1987-09-07
602,1619,5,The guide was exceptional - they went above and beyond to make the tour interactive and enjoyable for all.,2014-04-28
603,365,1,We were dissatisfied with the guide - they provided inaccurate information and did not meet our expectations for a quality tour.,1997-04-26
604,2587,4,"The guide was knowledgeable and shared fascinating insights, adding depth to the tour experience.",2020-10-13
605,741,2,The guide lacked enthusiasm and failed to create a lively and engaging atmosphere during the tour.,1981-11-22
606,2592,3,"The guide provided satisfactory information, but we expected a more energetic and charismatic delivery.",1997-09-29
607,183,5,The guide was outstanding - their expertise and enthusiasm made the tour exceptional.,2014-12-20
608,2184,1,We had a disappointing experience with the guide - they were unresponsive and did not address our concerns effectively.,2013-10-16
609,1444,4,The guide was attentive and provided interesting commentary that enhanced our understanding of the destination.,2008-08-17
610,1,2,The guide lacked the warmth and personal touch we usually expect from exceptional tour guides.,1998-10-24
611,1790,3,"The guide was informative, but we expected a more interactive and engaging tour experience.",1995-10-19
612,1392,5,The guide was exceptional - their passion and in-depth knowledge made the tour truly memorable.,2022-09-22
613,645,1,We were disappointed with the guide - they were unresponsive and did not provide satisfactory answers to our questions.,1991-07-22
614,2218,4,"The guide was attentive and shared fascinating stories and anecdotes, making the tour engaging and enjoyable.",1977-02-14
615,2418,2,The guide lacked enthusiasm and did not create a captivating and immersive experience during the tour.,2006-09-15
616,460,3,"The guide provided satisfactory information, but we expected a more vibrant and interactive presentation.",2009-10-13
617,961,5,The guide was outstanding - their expertise and enthusiasm brought the tour to life.,1985-07-18
618,2035,1,We had a frustrating experience with the guide - they were unhelpful and did not address our concerns adequately.,2014-07-21
619,1593,4,The guide was knowledgeable and provided insightful commentary that enriched our understanding of the destination.,2012-08-30
620,912,2,The guide lacked the warmth and personal connection we usually appreciate from exceptional tour guides.,2012-04-28
621,1335,3,"The guide was informative, but we expected a more interactive and engaging tour experience.",1997-11-10
622,237,5,The guide was exceptional - they went above and beyond to ensure an unforgettable tour for all participants.,1970-04-18
623,1956,1,We were disappointed with the guide - they were unresponsive and did not meet our expectations for a quality tour.,2002-07-16
624,661,4,"The guide was attentive and provided interesting insights, making the tour more enjoyable and informative.",2011-09-26
625,1286,2,The guide appeared disengaged and did not convey a genuine passion for the destination during the tour.,1995-02-01
626,364,3,"The guide provided satisfactory information, but we expected more enthusiasm and energy in their delivery.",1995-05-08
627,2884,5,The guide was outstanding - they made the tour immersive and captivating with their engaging storytelling.,1979-06-09
628,1840,1,We were dissatisfied with the guide - they provided inaccurate information and did not address our concerns effectively.,1975-07-02
629,512,4,The guide was proactive in sharing additional information and ensuring a comprehensive tour experience.,1998-01-22
630,1231,2,The guide seemed disinterested and did not exhibit the enthusiasm and passion we anticipated.,1982-01-03
631,874,3,"The guide provided satisfactory information, but we expected a more captivating and dynamic presentation.",2018-02-18
632,1942,5,The guide was exceptional - they went above and beyond to create an interactive and memorable tour.,2001-01-02
633,2856,1,We had a disappointing experience with the guide - they were unresponsive and did not address our concerns adequately.,1974-02-21
634,1778,4,"The guide was knowledgeable and shared intriguing details about the landmarks, adding depth to the tour.",1976-10-08
635,2343,2,The guide lacked enthusiasm and failed to create a vibrant and energetic atmosphere during the tour.,2021-10-08
636,2346,3,"The guide provided satisfactory information, but we expected a more immersive and interactive tour experience.",2013-09-29
637,612,5,The guide was outstanding - their expertise and enthusiasm made the tour exceptional.,1976-05-21
638,2421,1,We were disappointed with the guide - they were unresponsive and did not address our concerns effectively.,2014-10-06
639,783,4,The guide was proactive in providing additional insights and ensuring a comprehensive tour experience.,2002-03-23
640,1208,2,The guide seemed disinterested and did not exhibit the passion and enthusiasm we anticipated.,1996-01-11
641,774,3,"The guide provided satisfactory information, but we expected a more captivating and dynamic presentation.",2011-05-25
642,452,5,The guide was exceptional - they went above and beyond to make the tour interactive and enjoyable for all participants.,2012-12-18
643,2154,1,We had a disappointing experience with the guide - they were unresponsive and did not meet our expectations for a quality tour.,1983-10-04
644,2658,4,"The guide was attentive and shared fascinating anecdotes, making the tour engaging and informative.",2013-02-25
645,2595,2,The guide lacked the warmth and personal touch that we usually expect from exceptional tour guides.,2005-02-27
646,2099,3,"The guide was informative, but we expected a more interactive and engaging tour experience.",2019-10-02
647,1656,5,The guide was outstanding - their passion and expertise made the tour truly memorable.,2006-05-31
648,2510,1,We were disappointed with the guide - they were unresponsive and did not address our concerns effectively.,1996-09-02
649,2142,4,"The guide was proactive in sharing interesting facts and stories, making the tour informative and captivating.",1992-06-28
650,2753,2,The guide lacked enthusiasm and failed to create an immersive and lively atmosphere during the tour.,1998-11-09
651,2677,3,"The guide provided satisfactory information, but we expected a more energetic and charismatic delivery.",1974-12-17
652,564,5,The guide was exceptional - they went above and beyond to make the tour interactive and enjoyable for all participants.,1997-04-28
653,855,1,We had a disappointing experience with the guide - they were unresponsive and did not meet our expectations for a quality tour.,2021-11-16
654,1690,4,"The guide was knowledgeable and shared intriguing details about the landmarks, enriching our understanding of the destination.",1978-06-07
655,1990,2,The guide lacked enthusiasm and failed to create a vibrant and engaging atmosphere during the tour.,1987-06-22
656,2202,3,"The guide provided satisfactory information, but we expected a more immersive and interactive tour experience.",1996-06-01
657,2666,5,The guide was outstanding - their expertise and passion made the tour truly memorable.,1979-10-22
658,220,1,We were disappointed with the guide - they were unresponsive and did not address our concerns effectively.,2002-07-31
659,1846,4,"The guide was attentive and shared fascinating insights, enhancing our tour experience.",1976-03-08
660,1827,2,The guide lacked the warmth and personal connection we usually appreciate from exceptional tour guides.,1989-07-06
661,40,3,"The guide was informative, but we expected a more interactive and engaging tour experience.",1990-12-12
662,8,5,The guide was exceptional - they went above and beyond to ensure an unforgettable tour for all participants.,2007-07-22
663,1710,1,We had a frustrating experience with the guide - they were unhelpful and did not address our concerns adequately.,2011-11-25
664,2090,4,"The guide was knowledgeable and provided insightful commentary, enriching our understanding of the destination.",2013-01-14
665,1054,2,The guide lacked enthusiasm and failed to create a vibrant and energetic atmosphere during the tour.,2008-07-08
666,831,3,"The guide provided satisfactory information, but we expected a more immersive and interactive tour experience.",1996-04-30
667,1125,5,The guide was outstanding - their expertise and enthusiasm made the tour exceptional.,2002-10-28
668,2344,1,We were disappointed with the guide - they were unresponsive and did not meet our expectations for a quality tour.,2016-07-02
669,46,4,"The guide was attentive and shared fascinating anecdotes, making the tour engaging and informative.",1994-11-17
670,2370,2,The guide lacked the warmth and personal touch that we usually expect from exceptional tour guides.,2006-10-07
671,473,4,"The shuttle service was efficient and punctual, getting us to our destinations on time.",2016-02-09
672,210,2,"The taxi was clean, but the driver seemed disinterested and lacked professionalism.",1981-03-18
673,990,3,"The bus was spacious, but the air conditioning wasnt working properly during our journey.",2016-10-25
674,1878,5,"The train ride was smooth and comfortable, offering breathtaking views of the scenic route.",2017-11-04
675,1477,1,"The airport transfer van was overcrowded and disorganized, leading to a stressful experience.",2000-06-19
676,745,4,"The shuttle service provided convenient pick-up and drop-off locations, making it easy to navigate the city.",1998-05-23
677,939,3,"The car rental service was efficient, but the vehicle had a few minor maintenance issues.",2018-06-14
678,2611,5,"The private chauffeur service was top-notch, providing a luxurious and stress-free travel experience.",2019-01-27
679,768,2,"The bus was clean, but the seats were uncomfortable and lacked proper legroom.",1998-02-18
680,1339,3,"The train service was reliable, but the onboard amenities were limited.",2007-09-25
681,2332,4,"The airport transfer service was prompt and professional, ensuring a hassle-free start to our trip.",2012-05-27
682,64,1,"The shuttle service was constantly delayed, causing significant disruptions to our itinerary.",1997-12-01
683,2671,5,"The rental car was well-maintained and equipped with modern features, making our road trip enjoyable.",1970-04-21
684,515,2,"The taxi service was convenient, but the driver took a longer route, increasing the fare.",2020-02-19
685,374,3,"The bus was on time, but the driver lacked basic communication skills and failed to provide necessary information.",2001-11-27
686,1401,4,"The train journey was comfortable, offering a convenient and cost-effective mode of transportation.",1996-03-28
687,125,1,The airport shuttle was unreliable and frequently missed scheduled pick-ups.,2003-03-09
688,1421,5,"The chauffeur service provided a luxurious and comfortable ride, ensuring a memorable travel experience.",1972-08-09
689,2905,2,"The bus service was crowded and lacked proper ventilation, making the journey unpleasant.",1987-09-06
690,1133,4,"The rental car was clean and well-maintained, allowing us to explore the destination at our own pace.",1973-04-19
691,1663,3,"The airport transfer service was efficient, but the drivers lack of local knowledge caused a few delays.",1980-10-19
692,776,5,"The private van service was excellent, accommodating our group and providing a personalized touch.",2010-09-26
693,1377,1,"The shuttle service was consistently late, causing us to rush our itinerary.",2021-08-08
694,2015,4,"The taxi service was reliable and the driver was friendly, making our journey enjoyable.",1976-12-25
695,1982,2,"The bus was outdated and uncomfortable, making the long-distance travel tiring.",2005-12-13
696,409,3,"The train service was punctual, but the onboard facilities were limited.",2015-08-30
697,1744,5,"The airport transfer service was prompt and efficient, taking away the stress of navigating a new city.",1975-02-10
698,2430,1,"The shuttle bus was cramped and had frequent breakdowns, leading to major inconveniences.",1996-10-04
699,701,4,"The rental car provided flexibility and convenience, allowing us to explore off-the-beaten-path destinations.",1971-07-19
700,2406,2,"The taxi was clean, but the driver was rude and unhelpful.",2010-11-14
701,1732,3,"The bus service was affordable, but the frequency of stops made the journey longer than expected.",1976-06-05
702,2867,5,The train service was comfortable and offered picturesque views along the route.,1971-11-29
703,153,1,The airport shuttle was unreliable and caused us to miss our flight.,1994-07-05
704,827,4,The private van service was reliable and the driver was knowledgeable about local attractions.,1978-02-22
705,444,2,"The bus was overcrowded and lacked proper maintenance, making the journey uncomfortable.",2004-03-04
706,772,3,"The car rental service was convenient, but the vehicle had a strong odor.",2000-10-31
707,1370,5,"The airport transfer service was exceptional, with friendly drivers and efficient operations.",1994-06-07
708,1208,1,"The shuttle service had limited availability, making it difficult to coordinate our travel plans.",2018-04-02
709,534,4,"The taxi service provided a smooth and efficient ride, ensuring we reached our destination in a timely manner.",2001-11-22
710,1195,2,"The bus was old and had uncomfortable seating, making the long journey tiresome.",1977-08-29
711,376,3,"The train service was punctual, but the onboard facilities were outdated.",2009-12-10
712,643,5,"The airport transfer service was seamless, with well-organized pick-ups and drop-offs.",2011-02-04
713,2198,1,"The shuttle service was unreliable, leading to missed connections and unnecessary delays.",1994-04-29
714,2723,4,"The rental car was in excellent condition, offering us the freedom to explore the destination at our own pace.",2017-09-18
715,2852,2,"The taxi service was average, with drivers who lacked basic knowledge of the city.",2023-02-24
716,1547,3,"The bus service was convenient, but the lack of proper signage made it challenging to navigate.",1989-05-30
717,185,5,"The train journey was enjoyable, with comfortable seating and attentive staff.",2001-12-19
718,638,1,The airport shuttle service was disorganized and caused us to miss our scheduled tour.,2020-01-24
719,302,4,The private van service was reliable and provided a comfortable and personalized travel experience.,2007-03-03
720,2234,2,"The bus was overcrowded, and the drivers behavior was unprofessional.",1998-09-27
721,2268,3,"The car rental service was efficient, but the pick-up process was time-consuming.",1989-08-17
722,1194,5,"The airport transfer service was prompt and professional, ensuring a smooth transition to our accommodations.",1976-07-31
723,2341,1,"The shuttle service was frequently late, resulting in missed connections and added stress.",2009-12-30
724,2246,4,"The rental car was clean, well-maintained, and had modern amenities, making our road trip enjoyable.",1988-04-13
725,2363,2,"The taxi service was expensive, and the driver took an unnecessarily long route.",2010-02-16
726,42,3,"The bus service was reliable, but the lack of comfortable seating made the journey less pleasant.",2021-10-31
727,2543,5,"The train ride was comfortable and offered excellent onboard amenities, making the travel experience enjoyable.",2011-08-09
728,376,1,"The airport shuttle service was unreliable, causing us to arrive late for our flight.",1988-02-04
729,1439,4,The private van service was punctual and provided a comfortable and personalized travel experience.,1977-06-29
730,2845,2,"The bus was overcrowded, and the lack of proper air conditioning made the journey uncomfortable.",2007-07-13
731,838,3,"The car rental service was convenient, but the vehicle had a few technical issues.",2017-08-22
732,1768,5,"The airport transfer service was efficient, with friendly drivers and smooth operations.",1987-08-15
733,1209,1,"The shuttle service was constantly delayed, leading to significant disruptions to our travel plans.",1977-08-31
734,1087,4,"The taxi service was reliable, with drivers who were knowledgeable about the local area.",1992-09-18
735,530,2,"The bus was outdated and had uncomfortable seating, making the journey less enjoyable.",1993-03-15
736,2657,3,"The train service was punctual, but the lack of cleanliness in the compartments was disappointing.",1970-02-01
737,2633,5,"The airport transfer service was excellent, with courteous drivers and prompt pick-ups.",1994-10-31
738,1502,1,"The shuttle bus service was poorly organized, resulting in confusion and delays.",2020-12-29
739,139,4,"The rental car provided flexibility and comfort, allowing us to explore the destination at our own pace.",2003-01-17
740,837,2,"The taxi service was adequate, but the drivers were not familiar with alternative routes, causing delays.",1976-12-02
741,98,3,"The bus service was reliable, but the lack of proper signage made it challenging to find the correct bus stops.",1995-06-01
742,357,5,"The train journey was comfortable and scenic, offering breathtaking views along the way.",1992-10-19
743,954,1,"The airport shuttle service was consistently late, causing us to miss important appointments.",2007-02-17
744,646,4,"The private van service was punctual and provided personalized attention, making our travel experience enjoyable.",1981-10-23
745,1266,2,"The bus was overcrowded, and the lack of maintenance made the journey uncomfortable.",1977-12-26
746,516,3,"The car rental service was convenient, but the vehicle had outdated GPS technology.",2008-07-07
747,1857,5,"The airport transfer service was seamless and efficient, ensuring a smooth transition between destinations.",1972-06-03
748,2598,1,The shuttle service was unreliable and caused significant delays in our travel plans.,1998-12-18
749,548,4,"The rental car was clean and well-maintained, providing a comfortable and convenient mode of transportation.",1970-10-05
750,2247,2,"The taxi service was average, with drivers who lacked proper navigation skills.",2014-08-19
751,1411,3,"The bus service was punctual, but the lack of onboard amenities made the journey less comfortable.",1984-10-22
752,121,5,"The train ride was enjoyable, with spacious seating and friendly staff.",1991-03-29
753,2929,1,"The airport shuttle service was disorganized, resulting in confusion and unnecessary stress.",2022-04-17
754,2270,4,The private van service was reliable and provided a comfortable and personalized travel experience.,1993-10-08
755,984,2,"The bus was overcrowded, and the lack of proper air conditioning made the journey unpleasant.",2013-09-07
756,1196,3,"The car rental service was efficient, but the pick-up process was lengthy.",1998-09-22
757,394,5,"The airport transfer service was prompt and professional, ensuring a smooth transition to our accommodations.",2008-10-23
758,1684,1,"The shuttle service was frequently late, causing unnecessary delays in our travel plans.",2021-09-25
759,865,4,"The rental car was clean, well-maintained, and had modern amenities, making our road trip enjoyable.",1994-10-21
760,1144,2,"The taxi service was expensive, and the drivers often took longer routes, increasing the fare.",2007-11-23
761,2244,3,"The bus service was reliable, but the lack of comfortable seating made the journey less pleasant.",1988-11-29
762,1387,5,"The train ride was comfortable and offered excellent onboard amenities, making the travel experience enjoyable.",1970-03-06
763,2626,1,"The airport shuttle service was unreliable, causing us to miss our scheduled flights.",2010-02-07
764,1996,4,The private van service was punctual and provided a comfortable and personalized travel experience.,1984-02-20
765,1228,2,"The bus was overcrowded, and the lack of proper air conditioning made the journey uncomfortable.",1978-05-29
766,2500,3,"The car rental service was convenient, but the vehicle had a few technical issues.",2003-01-17
767,2042,5,"The airport transfer service was efficient, with friendly drivers and smooth operations.",1970-08-17
768,158,1,"The shuttle service was constantly delayed, leading to significant disruptions to our travel plans.",1991-01-15
769,1789,4,"The taxi service was reliable, with drivers who were knowledgeable about the local area.",1989-12-06
770,2542,2,"The bus was outdated and had uncomfortable seating, making the journey less enjoyable.",2013-12-14
771,1601,4,"The shuttle service was prompt and reliable, ensuring we arrived at our destinations on time.",2013-03-28
772,2144,2,"The taxi was clean, but the driver was unfriendly and lacked basic customer service skills.",2012-06-02
773,1566,3,"The bus was comfortable, but the schedule was not strictly adhered to, causing delays.",2004-07-07
774,1734,5,"The train ride was smooth and enjoyable, offering stunning views of the countryside.",1983-03-24
775,1411,1,"The airport transfer service was poorly organized, resulting in confusion and long wait times.",1974-09-24
776,817,4,"The shuttle bus provided convenient transportation, allowing us to explore the city without any hassle.",1994-06-19
777,2030,3,"The car rental service was efficient, but the vehicle had some minor maintenance issues.",2015-07-30
778,237,5,"The private chauffeur service was exceptional, providing a luxurious and comfortable travel experience.",1985-10-26
779,1616,2,"The bus was crowded and uncomfortable, making the journey less enjoyable.",1984-07-29
780,574,3,"The train service was reliable, but the onboard facilities were limited.",2013-08-21
781,1500,4,"The airport transfer service was efficient, ensuring a smooth transition from the airport to our hotel.",2017-05-13
782,239,1,"The shuttle service was frequently late, causing us to miss important events during our trip.",1992-07-19
783,1122,5,The rental car was in great condition and allowed us to explore the destination at our own pace.,1992-05-10
784,1246,2,"The taxi service was expensive, and the driver took a longer route, increasing the fare.",2017-12-05
785,1022,3,"The bus service was punctual, but the seats were not very comfortable for long journeys.",2005-11-27
786,51,4,"The train journey was enjoyable, offering a convenient and scenic way to travel between cities.",1989-04-16
787,490,1,"The airport shuttle service was unreliable, resulting in unnecessary stress and delays.",2009-02-05
788,152,5,The private van service provided personalized attention and made us feel like valued customers.,1984-12-10
789,519,2,"The bus was overcrowded, and the lack of air conditioning made the journey uncomfortable.",1970-01-07
790,392,4,"The rental car was clean and well-maintained, allowing us to explore hidden gems in the area.",1996-06-28
791,1019,3,"The airport transfer service was reliable, but the pick-up location was poorly marked.",1989-06-06
792,552,5,"The private chauffeur service was exceptional, providing a luxurious and stress-free travel experience.",2019-07-28
793,2219,1,"The shuttle service was consistently late, causing us to miss important appointments.",1971-07-10
794,2083,4,"The taxi service was reliable, and the drivers were knowledgeable about the local area.",1992-05-17
795,2812,2,"The bus was outdated, and the lack of legroom made the journey uncomfortable for taller passengers.",2001-06-21
796,429,3,"The train service was punctual, but the limited dining options onboard were disappointing.",1973-04-07
797,767,5,"The airport transfer service was efficient, with friendly drivers and comfortable vehicles.",1990-03-18
798,505,1,"The shuttle bus service was disorganized, resulting in long wait times and confusion.",2007-08-26
799,620,4,"The rental car provided flexibility, allowing us to explore various attractions at our own pace.",1991-11-05
800,1200,2,"The taxi service was average, with drivers who lacked basic knowledge of the city.",1982-06-14
801,360,3,"The bus service was affordable, but the lack of proper signage made it challenging to find the correct bus stops.",1986-06-29
802,571,5,"The train journey was comfortable, offering stunning views and a smooth ride.",1988-08-08
803,1448,1,"The airport shuttle service was unreliable, resulting in missed flights and added stress.",1975-05-24
804,2822,4,The private van service was punctual and provided a comfortable and personalized travel experience.,1992-05-19
805,1551,2,"The bus was overcrowded, and the lack of ventilation made the journey uncomfortable.",1972-07-27
806,1470,3,"The car rental service was convenient, but the vehicle had a few minor issues.",2014-04-28
807,1495,5,"The airport transfer service was efficient, ensuring a seamless transition between destinations.",2013-08-12
808,2342,1,"The shuttle service was frequently delayed, causing frustration and wasted time.",2020-11-11
809,1950,4,"The rental car was clean and reliable, allowing us to explore the destination at our own pace.",1989-02-02
810,2254,2,"The taxi service was expensive, and the drivers often took longer routes to increase the fare.",2019-09-21
811,1986,3,"The bus service was punctual, but the lack of comfortable seating made long journeys tiring.",1991-06-13
812,639,5,The train ride was comfortable and provided a convenient mode of transportation between cities.,2012-09-17
813,1376,1,"The airport shuttle service was consistently late, resulting in missed connections and delays.",1986-07-06
814,1483,4,The private van service was punctual and provided a comfortable and enjoyable travel experience.,1989-03-25
815,679,2,"The bus was overcrowded, and the lack of proper air conditioning made the journey unpleasant.",2001-02-02
816,451,3,"The car rental service was efficient, but the pick-up process was time-consuming.",2021-03-08
817,1948,5,"The airport transfer service was prompt and professional, ensuring a smooth arrival at our destination.",1976-07-10
818,1764,1,"The shuttle service was unreliable and caused significant delays, leading to frustration.",2020-07-31
819,611,4,"The rental car was clean and well-maintained, allowing us to explore the area with ease.",2018-12-11
820,1999,2,"The taxi service was average, with drivers who lacked basic customer service skills.",1979-05-07
821,851,3,"The bus service was punctual, but the lack of legroom made the journey uncomfortable for tall passengers.",1986-07-16
822,2874,5,"The train journey was enjoyable, offering scenic views and a relaxing travel experience.",1980-04-30
823,2237,1,"The airport shuttle service was disorganized, resulting in confusion and delays.",1979-02-09
824,703,4,The private van service was reliable and provided a comfortable and personalized travel experience.,2020-06-08
825,2773,2,"The bus was overcrowded, and the lack of air conditioning made the journey uncomfortable.",2022-12-05
826,2743,3,"The car rental service was convenient, but the vehicle had a few technical issues.",2002-09-14
827,797,5,"The airport transfer service was efficient, with friendly drivers and smooth operations.",1970-08-25
828,2232,1,"The shuttle service was constantly late, causing unnecessary delays and frustration.",1986-03-18
829,1458,4,"The taxi service was reliable, with knowledgeable drivers who provided helpful information.",2018-01-31
830,430,2,"The bus was outdated and lacked proper maintenance, making the journey less pleasant.",1980-03-04
831,972,3,"The train service was punctual, but the lack of onboard amenities made the journey less comfortable.",1982-12-23
832,384,5,"The airport transfer service was prompt and professional, ensuring a smooth transition to our accommodations.",1998-03-03
833,1702,1,"The shuttle service was frequently delayed, leading to missed connections and unnecessary stress.",2007-09-25
834,1862,4,"The rental car was clean and well-maintained, providing a comfortable mode of transportation.",2009-03-20
835,23,2,"The taxi service was expensive, and the drivers often took longer routes, increasing the fare.",1971-06-12
836,26,3,"The bus service was reliable, but the lack of comfortable seating made the journey less enjoyable.",1971-05-02
837,2716,5,The train ride was comfortable and provided a convenient mode of transportation between cities.,2007-05-02
838,1797,1,"The airport shuttle service was consistently late, resulting in missed flights and added stress.",1970-10-30
839,832,4,The private van service was punctual and provided a comfortable and personalized travel experience.,2011-04-29
840,2686,2,"The bus was overcrowded, and the lack of proper air conditioning made the journey uncomfortable.",2001-12-02
841,2340,3,"The car rental service was efficient, but the pick-up process was lengthy and time-consuming.",2015-09-14
842,2688,5,"The airport transfer service was efficient and reliable, ensuring a smooth start to our trip.",2018-09-01
843,647,1,"The shuttle service was constantly late, causing significant delays and frustrations during our travels.",1972-01-08
844,2707,4,"The rental car was clean and well-maintained, providing a comfortable and convenient mode of transportation.",2011-08-06
845,2284,2,"The taxi service was expensive, and the drivers lacked proper knowledge of the city and its attractions.",2005-01-20
846,437,3,"The bus service was punctual, but the lack of comfortable seating made long journeys less pleasant.",2023-02-22
847,1573,5,"The train ride was enjoyable and provided stunning views, making it a memorable part of our journey.",1985-07-04
848,1327,1,"The airport shuttle service was unreliable, resulting in missed connections and unnecessary stress.",2017-05-01
849,1805,4,The private van service was punctual and provided a comfortable and personalized travel experience.,1986-02-27
850,2570,2,"The bus was overcrowded, and the lack of proper air conditioning made the journey uncomfortable.",2011-08-10
851,2639,3,"The car rental service was efficient, but the pick-up process was lengthy and required unnecessary paperwork.",1988-07-23
852,1134,5,"The airport transfer service was prompt and professional, ensuring a smooth and hassle-free journey.",1976-06-21
853,2846,1,"The shuttle service was frequently delayed, causing frustration and impacting our travel plans.",2002-05-30
854,1188,4,"The rental car provided flexibility and convenience, allowing us to explore the destination at our own pace.",2007-05-24
855,2178,2,"The taxi service was average, with drivers who lacked basic knowledge of the city and its landmarks.",1975-04-20
856,310,3,"The bus service was punctual, but the lack of comfortable seating made long journeys tiresome.",2016-07-17
857,2772,5,"The train journey was comfortable and provided scenic views, adding an enjoyable element to our trip.",1976-08-27
858,1957,1,"The airport shuttle service was disorganized, leading to confusion and unnecessary delays.",2004-12-09
859,1729,4,The private van service was reliable and provided a comfortable and personalized travel experience.,2001-02-10
860,2884,2,"The bus was overcrowded, and the lack of proper ventilation made the journey uncomfortable.",1970-04-04
861,887,3,"The car rental service was efficient, but the pick-up process was time-consuming.",2012-04-05
862,2178,5,"The airport transfer service was efficient and punctual, ensuring a seamless transition to our destination.",1988-08-19
863,1416,1,"The shuttle service was consistently late, causing us to miss important appointments.",2007-04-26
864,732,4,"The taxi service was reliable, and the drivers were knowledgeable about the local area.",1972-06-20
865,651,2,"The bus was outdated, and the lack of proper maintenance made the journey less comfortable.",1982-05-24
866,1324,3,"The train service was punctual, but the lack of onboard amenities made the journey less enjoyable.",1971-01-06
867,1848,5,"The airport transfer service was prompt and professional, ensuring a smooth and hassle-free experience.",1986-02-25
868,1488,1,"The shuttle service was frequently delayed, causing frustration and impacting our travel plans.",2012-05-16
869,2595,4,"The rental car was clean and well-maintained, allowing us to explore the destination comfortably.",2011-12-08
870,675,2,"The taxi service was average, with drivers who lacked basic knowledge of the local area and attractions.",1994-05-05
